               epoch,      train/box_loss,      train/obj_loss,      train/cls_loss,   metrics/precision,      metrics/recall,     metrics/mAP_0.5,metrics/mAP_0.5:0.95,        val/box_loss,        val/obj_loss,        val/cls_loss,               x/lr0,               x/lr1,               x/lr2
                   0,             0.10272,            0.039901,            0.028616,             0.16924,             0.41882,             0.15649,            0.052147,            0.065485,            0.027197,            0.024231,              0.0775,              0.0025,              0.0025
                   1,            0.070846,            0.035754,            0.022898,             0.45417,             0.56472,              0.4495,             0.17445,            0.063336,            0.019926,            0.016174,            0.054092,           0.0050916,           0.0050916
                   2,            0.066987,            0.029228,            0.016224,             0.44656,             0.51558,             0.44234,             0.16988,            0.069046,            0.014814,           0.0078061,            0.030675,           0.0076746,           0.0076746
                   3,            0.067848,            0.024561,           0.0081831,             0.36592,             0.72019,             0.45418,             0.21411,            0.059659,            0.013755,           0.0033798,           0.0099505,           0.0099505,           0.0099505
                   4,            0.062771,            0.023217,           0.0059761,             0.54676,             0.64371,             0.62032,             0.25545,            0.061114,            0.013175,           0.0026256,           0.0099505,           0.0099505,           0.0099505
                   5,            0.057901,            0.021703,           0.0045481,             0.67678,             0.81096,             0.79901,             0.33515,            0.043714,            0.012561,           0.0019347,            0.009934,            0.009934,            0.009934
                   6,            0.053479,            0.020461,           0.0032967,             0.74541,             0.89478,             0.88939,             0.34521,            0.041672,            0.011682,           0.0015281,           0.0099175,           0.0099175,           0.0099175
                   7,            0.046101,            0.018837,           0.0027659,             0.64004,             0.88422,             0.74821,             0.36904,             0.04289,             0.01227,            0.001682,            0.009901,            0.009901,            0.009901
                   8,            0.044656,            0.019039,           0.0025308,             0.73176,             0.92509,             0.93064,             0.41949,            0.039133,            0.011257,           0.0013555,           0.0098845,           0.0098845,           0.0098845
                   9,            0.041645,            0.018501,           0.0020452,             0.76855,             0.95858,             0.91242,             0.53383,            0.032096,            0.010459,           0.0012576,            0.009868,            0.009868,            0.009868
                  10,            0.040617,            0.017877,           0.0020368,             0.93925,              0.9797,             0.97644,              0.5723,            0.031422,            0.010302,           0.0014043,           0.0098515,           0.0098515,           0.0098515
                  11,            0.038094,            0.017735,            0.001865,             0.87341,             0.96021,             0.91683,             0.56243,            0.030364,            0.010049,           0.0012606,            0.009835,            0.009835,            0.009835
                  12,             0.03853,            0.017642,           0.0017974,             0.93251,             0.99089,             0.96986,             0.60693,            0.029113,           0.0099192,           0.0011512,           0.0098185,           0.0098185,           0.0098185
                  13,            0.036755,            0.017307,           0.0016218,              0.8958,              0.9428,             0.97483,             0.59202,            0.029742,           0.0098664,           0.0011965,            0.009802,            0.009802,            0.009802
                  14,            0.035607,            0.017102,           0.0017904,             0.87522,             0.95072,             0.96649,             0.63912,            0.029857,           0.0096189,            0.001415,           0.0097855,           0.0097855,           0.0097855
                  15,            0.033792,            0.016663,           0.0017097,             0.97397,             0.98136,             0.98958,             0.64593,            0.027943,           0.0096267,           0.0014397,            0.009769,            0.009769,            0.009769
                  16,            0.035828,            0.017021,           0.0018512,             0.95323,             0.95533,               0.987,             0.67516,              0.0275,           0.0094337,           0.0011207,           0.0097525,           0.0097525,           0.0097525
                  17,            0.032831,            0.016239,           0.0020818,             0.97656,             0.99206,             0.98418,             0.68134,             0.02364,           0.0094925,           0.0008697,            0.009736,            0.009736,            0.009736
                  18,            0.034936,            0.015701,           0.0014426,             0.97452,             0.98881,             0.98828,             0.66868,            0.025257,           0.0095733,           0.0011169,           0.0097195,           0.0097195,           0.0097195
                  19,            0.031581,            0.016142,           0.0014222,             0.98011,             0.99296,             0.98389,             0.67301,            0.028068,           0.0095137,           0.0010393,            0.009703,            0.009703,            0.009703
                  20,            0.033667,            0.016077,           0.0013339,             0.96745,             0.99214,             0.98844,             0.66515,            0.028468,           0.0096448,          0.00089525,           0.0096865,           0.0096865,           0.0096865
                  21,            0.031429,            0.016302,           0.0012308,              0.9756,             0.99666,             0.98776,             0.69384,            0.023836,           0.0094101,          0.00099357,             0.00967,             0.00967,             0.00967
                  22,            0.031438,            0.016999,           0.0012944,             0.97966,             0.99324,             0.98757,             0.69222,            0.024366,           0.0095162,          0.00092359,           0.0096535,           0.0096535,           0.0096535
                  23,            0.031015,            0.016815,           0.0011881,             0.97716,             0.98675,             0.98511,             0.69263,            0.026396,           0.0094561,          0.00084295,            0.009637,            0.009637,            0.009637
                  24,            0.031647,            0.016697,            0.001282,             0.97562,              0.9921,             0.99059,             0.66269,            0.026279,           0.0098098,           0.0010592,           0.0096205,           0.0096205,           0.0096205
                  25,             0.02976,            0.015108,           0.0013201,             0.98191,             0.98949,             0.99042,             0.60777,            0.026973,             0.00975,           0.0010179,            0.009604,            0.009604,            0.009604
                  26,            0.032102,            0.016139,           0.0011455,             0.97353,             0.98837,              0.9922,              0.6537,            0.027194,           0.0096163,          0.00079393,           0.0095875,           0.0095875,           0.0095875
                  27,            0.029608,            0.015617,           0.0010687,             0.98067,             0.99504,             0.98861,             0.72148,            0.023381,           0.0090619,          0.00076444,            0.009571,            0.009571,            0.009571
                  28,            0.029483,            0.016105,           0.0010551,             0.97781,             0.99793,             0.98938,              0.7121,             0.02319,           0.0091568,          0.00090758,           0.0095545,           0.0095545,           0.0095545
                  29,            0.028581,            0.015939,           0.0011992,             0.97833,             0.99393,             0.98218,             0.70266,            0.023266,           0.0092012,          0.00096339,            0.009538,            0.009538,            0.009538
                  30,             0.02885,            0.015483,           0.0011371,             0.97749,             0.99396,              0.9863,             0.66375,             0.02425,           0.0095205,          0.00090464,           0.0095215,           0.0095215,           0.0095215
                  31,             0.02952,            0.015552,           0.0010617,             0.97621,             0.99793,             0.98925,              0.7189,            0.023357,           0.0092844,          0.00086624,            0.009505,            0.009505,            0.009505
                  32,             0.02751,            0.015469,          0.00091795,             0.97121,             0.98974,             0.98647,             0.70961,            0.024014,             0.00924,           0.0007473,           0.0094885,           0.0094885,           0.0094885
                  33,            0.028543,            0.015535,          0.00085504,             0.97664,             0.99214,             0.98552,             0.69768,            0.024494,           0.0093736,          0.00076249,            0.009472,            0.009472,            0.009472
                  34,            0.028789,            0.016863,          0.00093551,             0.97894,             0.99296,             0.98838,             0.64701,            0.027702,           0.0092822,          0.00076842,           0.0094555,           0.0094555,           0.0094555
                  35,            0.027718,            0.015803,           0.0010151,             0.98038,             0.99089,              0.9883,             0.71856,            0.022245,           0.0091658,          0.00079418,            0.009439,            0.009439,            0.009439
                  36,            0.027312,             0.01536,          0.00095841,             0.98051,             0.99504,             0.98947,             0.72029,            0.022383,           0.0091836,          0.00075745,           0.0094225,           0.0094225,           0.0094225
                  37,            0.027696,            0.015441,          0.00093332,             0.98069,             0.99504,             0.98637,             0.71923,            0.021734,           0.0090951,          0.00073549,            0.009406,            0.009406,            0.009406
                  38,            0.028459,            0.015479,          0.00085083,             0.98085,             0.99504,             0.98548,             0.69288,             0.02362,           0.0091531,          0.00065436,           0.0093895,           0.0093895,           0.0093895
                  39,            0.028932,            0.016104,          0.00088061,             0.97899,             0.99249,             0.98427,             0.71245,            0.022611,           0.0092634,          0.00080036,            0.009373,            0.009373,            0.009373
                  40,            0.026601,            0.014654,          0.00097482,             0.98021,             0.99504,             0.99023,             0.69774,            0.024226,           0.0093883,          0.00075103,           0.0093565,           0.0093565,           0.0093565
                  41,            0.026833,            0.015432,          0.00087179,             0.97872,             0.99504,             0.99245,             0.72827,            0.022337,           0.0091998,          0.00066377,             0.00934,             0.00934,             0.00934
                  42,            0.025855,            0.015201,          0.00081797,             0.97809,             0.99793,             0.98894,             0.72016,            0.022851,           0.0092285,          0.00067581,           0.0093235,           0.0093235,           0.0093235
                  43,            0.026089,            0.013876,          0.00073331,             0.98019,              0.9899,             0.98695,             0.70691,            0.022785,           0.0091713,          0.00067268,            0.009307,            0.009307,            0.009307
                  44,            0.026692,            0.015292,          0.00071478,             0.97868,             0.98419,              0.9894,             0.68867,            0.024522,           0.0092352,          0.00065649,           0.0092905,           0.0092905,           0.0092905
                  45,            0.026787,            0.014809,           0.0007945,             0.97399,             0.99793,             0.98464,             0.71635,            0.022508,           0.0090997,          0.00064768,            0.009274,            0.009274,            0.009274
                  46,            0.026609,            0.015381,          0.00071798,             0.97278,             0.99793,             0.98856,             0.72912,            0.022908,           0.0090967,          0.00062925,           0.0092575,           0.0092575,           0.0092575
                  47,            0.026339,            0.015735,          0.00079525,             0.97913,             0.99041,             0.99039,             0.74499,            0.021761,           0.0090059,          0.00064427,            0.009241,            0.009241,            0.009241
                  48,            0.025984,            0.014496,          0.00084073,             0.97804,             0.99378,             0.99129,             0.73786,            0.022256,           0.0090742,           0.0006828,           0.0092245,           0.0092245,           0.0092245
                  49,            0.025705,             0.01446,          0.00084285,             0.97475,             0.99504,             0.99254,             0.73148,            0.021829,           0.0091561,          0.00068036,            0.009208,            0.009208,            0.009208
                  50,            0.027275,            0.014983,          0.00076372,             0.98046,             0.98715,             0.99133,             0.72676,            0.023191,           0.0092209,           0.0006705,           0.0091915,           0.0091915,           0.0091915
                  51,            0.025609,            0.013838,           0.0007187,             0.98013,             0.99233,             0.98962,             0.72822,            0.023447,           0.0091069,          0.00058337,            0.009175,            0.009175,            0.009175
                  52,             0.02519,            0.014106,            0.000872,             0.98028,             0.99039,              0.9879,             0.71507,            0.022531,           0.0091644,          0.00069729,           0.0091585,           0.0091585,           0.0091585
                  53,            0.025166,            0.015396,          0.00097645,             0.97996,             0.99504,             0.98759,             0.72558,            0.021456,           0.0089648,          0.00066483,            0.009142,            0.009142,            0.009142
                  54,            0.024923,             0.01462,          0.00088026,             0.97998,             0.99284,             0.99004,             0.72909,            0.022303,           0.0091152,          0.00056073,           0.0091255,           0.0091255,           0.0091255
                  55,            0.025584,            0.014916,          0.00070342,             0.98163,             0.99299,             0.99154,              0.7231,            0.021522,           0.0089864,          0.00050082,            0.009109,            0.009109,            0.009109
                  56,            0.024692,            0.014424,          0.00066875,             0.97697,             0.99504,              0.9902,             0.73093,            0.021423,           0.0088777,          0.00057469,           0.0090925,           0.0090925,           0.0090925
                  57,            0.024067,            0.014145,          0.00075205,             0.97966,             0.99504,             0.99159,             0.73361,            0.021763,           0.0090096,          0.00056823,            0.009076,            0.009076,            0.009076
                  58,             0.02452,             0.01468,          0.00076357,             0.97776,             0.99504,             0.99232,             0.70459,            0.023536,            0.009182,          0.00056779,           0.0090595,           0.0090595,           0.0090595
                  59,            0.024493,            0.014618,          0.00074898,             0.97849,             0.99504,             0.99326,             0.73637,            0.021647,           0.0090892,          0.00059985,            0.009043,            0.009043,            0.009043
                  60,            0.024366,            0.013921,          0.00080512,             0.97832,             0.99437,             0.99227,             0.73539,            0.021712,           0.0091962,          0.00065318,           0.0090265,           0.0090265,           0.0090265
                  61,            0.024931,            0.014209,          0.00084484,             0.98269,             0.99362,             0.98999,             0.71255,            0.023612,           0.0091482,          0.00075259,             0.00901,             0.00901,             0.00901
                  62,            0.025066,            0.015083,          0.00074974,              0.9799,             0.99504,             0.99162,             0.72489,            0.022959,           0.0091136,          0.00058643,           0.0089935,           0.0089935,           0.0089935
                  63,            0.024601,            0.014149,          0.00071007,             0.98035,             0.99504,              0.9899,             0.73705,            0.022209,           0.0090412,          0.00056492,            0.008977,            0.008977,            0.008977
                  64,            0.025665,            0.015337,          0.00083927,             0.97358,             0.99491,             0.98722,             0.72016,            0.021766,           0.0089612,          0.00051603,           0.0089605,           0.0089605,           0.0089605
                  65,            0.024484,            0.014265,          0.00059497,             0.97992,             0.99296,             0.98986,             0.74016,            0.021839,           0.0088402,          0.00049006,            0.008944,            0.008944,            0.008944
                  66,            0.024257,            0.014763,          0.00063214,             0.98058,             0.99296,             0.99145,             0.74063,             0.02244,           0.0090508,          0.00050323,           0.0089275,           0.0089275,           0.0089275
                  67,            0.023038,            0.014723,          0.00063097,             0.98026,             0.99296,             0.98607,             0.74016,            0.020989,           0.0089731,          0.00048778,            0.008911,            0.008911,            0.008911
                  68,            0.024326,            0.013681,          0.00065128,             0.98132,             0.99421,             0.98955,             0.73431,             0.02219,           0.0090049,          0.00049037,           0.0088945,           0.0088945,           0.0088945
                  69,            0.023311,            0.014696,          0.00082189,             0.97797,             0.99504,             0.99143,             0.72339,            0.022174,           0.0090252,           0.0004918,            0.008878,            0.008878,            0.008878
                  70,            0.024227,            0.014882,          0.00065822,             0.97586,             0.99274,              0.9924,             0.72054,            0.022472,           0.0090448,          0.00046632,           0.0088615,           0.0088615,           0.0088615
                  71,            0.024768,            0.014271,          0.00062639,             0.98102,             0.99018,             0.98893,             0.71207,            0.021922,           0.0090164,          0.00055184,            0.008845,            0.008845,            0.008845
                  72,            0.024801,             0.01529,          0.00071844,             0.98273,              0.9903,             0.99151,             0.74197,            0.021363,           0.0089518,          0.00056093,           0.0088285,           0.0088285,           0.0088285
                  73,            0.025572,            0.015374,          0.00068436,             0.98402,             0.98889,             0.99191,             0.73811,            0.022046,           0.0088212,          0.00050431,            0.008812,            0.008812,            0.008812
                  74,            0.024298,            0.014744,          0.00060528,             0.98249,             0.99526,             0.98977,             0.73774,            0.021769,           0.0090127,          0.00045005,           0.0087955,           0.0087955,           0.0087955
                  75,            0.024067,             0.01524,          0.00054467,              0.9799,             0.99504,             0.98976,             0.73671,            0.020295,           0.0089635,          0.00048648,            0.008779,            0.008779,            0.008779
                  76,            0.025375,            0.014794,          0.00074337,             0.98076,             0.99226,             0.99039,             0.74173,            0.021506,           0.0089966,          0.00048854,           0.0087625,           0.0087625,           0.0087625
                  77,            0.023827,            0.014012,           0.0006177,             0.97987,             0.99288,             0.99205,             0.73339,            0.021853,            0.008935,          0.00046896,            0.008746,            0.008746,            0.008746
                  78,            0.023092,             0.01391,          0.00053785,             0.98008,             0.99437,             0.99245,             0.74293,             0.02168,           0.0088674,          0.00048413,           0.0087295,           0.0087295,           0.0087295
                  79,            0.023632,            0.014283,          0.00058467,             0.97608,             0.99296,             0.99189,             0.72489,            0.022136,           0.0088702,          0.00046828,            0.008713,            0.008713,            0.008713
                  80,            0.024142,            0.014146,          0.00054187,             0.98024,             0.99391,             0.99272,             0.71975,              0.0224,           0.0088169,          0.00045313,           0.0086965,           0.0086965,           0.0086965
                  81,            0.023881,            0.014866,          0.00064812,             0.97999,             0.99053,             0.99222,              0.7248,            0.021827,           0.0088588,          0.00044702,             0.00868,             0.00868,             0.00868
                  82,            0.024475,            0.014751,           0.0005944,             0.98084,             0.99179,             0.99258,             0.72185,            0.021923,           0.0088244,          0.00045297,           0.0086635,           0.0086635,           0.0086635
                  83,            0.024069,            0.014744,          0.00057679,             0.97933,             0.99793,             0.99154,             0.72522,             0.02168,           0.0089877,          0.00045171,            0.008647,            0.008647,            0.008647
                  84,            0.024258,            0.014544,          0.00058768,             0.97883,             0.99793,              0.9921,             0.73316,            0.022611,           0.0090865,          0.00048688,           0.0086305,           0.0086305,           0.0086305
                  85,             0.02278,            0.014468,          0.00069375,              0.9784,             0.99793,             0.98468,             0.72526,            0.021095,           0.0088861,          0.00056479,            0.008614,            0.008614,            0.008614
                  86,            0.022704,            0.014369,          0.00053926,             0.97559,             0.99504,             0.98373,             0.71526,            0.020879,           0.0089484,           0.0005103,           0.0085975,           0.0085975,           0.0085975
                  87,             0.02238,            0.014288,          0.00054334,             0.98126,             0.99504,             0.98981,             0.73829,            0.020982,           0.0089945,          0.00042898,            0.008581,            0.008581,            0.008581
                  88,            0.023165,            0.014214,          0.00042797,             0.98087,             0.99504,             0.99218,             0.75369,            0.021811,           0.0089863,          0.00041345,           0.0085645,           0.0085645,           0.0085645
                  89,            0.022871,            0.013826,          0.00056676,             0.98068,             0.99482,             0.99107,             0.73826,            0.021308,           0.0087203,           0.0005166,            0.008548,            0.008548,            0.008548
                  90,            0.023615,            0.013781,          0.00059021,             0.98077,             0.99504,             0.99045,             0.72199,             0.02257,           0.0088592,          0.00057144,           0.0085315,           0.0085315,           0.0085315
                  91,            0.023185,            0.014569,          0.00058972,             0.98055,             0.99504,             0.99126,             0.74867,            0.021167,            0.008821,            0.000536,            0.008515,            0.008515,            0.008515
                  92,            0.022977,            0.013969,          0.00052553,             0.98002,             0.99267,             0.98895,             0.73175,            0.021484,           0.0088931,          0.00048356,           0.0084985,           0.0084985,           0.0084985
                  93,            0.023459,            0.014346,          0.00049761,             0.98012,             0.99504,             0.99182,             0.74179,            0.021804,           0.0089766,          0.00046419,            0.008482,            0.008482,            0.008482
                  94,            0.023461,             0.01502,          0.00048438,             0.97764,             0.99793,               0.992,             0.74537,              0.0216,            0.008956,          0.00047502,           0.0084655,           0.0084655,           0.0084655
                  95,            0.023528,             0.01456,          0.00051504,             0.97963,             0.99504,             0.99177,             0.73039,            0.021362,           0.0090835,          0.00047807,            0.008449,            0.008449,            0.008449
                  96,            0.023083,            0.013666,          0.00063566,             0.97593,             0.99504,             0.99177,             0.72415,            0.021679,           0.0090169,          0.00044857,           0.0084325,           0.0084325,           0.0084325
                  97,             0.02298,            0.014866,          0.00064088,             0.97785,             0.99296,             0.99193,               0.752,            0.021363,           0.0088978,          0.00042381,            0.008416,            0.008416,            0.008416
                  98,            0.022628,            0.014343,          0.00050463,             0.97693,             0.99218,             0.98588,             0.72966,            0.021263,           0.0089211,          0.00047049,           0.0083995,           0.0083995,           0.0083995
                  99,            0.022501,            0.014723,          0.00055548,             0.97994,             0.99296,             0.98705,             0.74324,            0.020802,           0.0088677,          0.00049074,            0.008383,            0.008383,            0.008383
                 100,            0.023162,            0.013856,          0.00059081,             0.98182,             0.99732,             0.98653,             0.72917,            0.020852,           0.0088924,          0.00047477,           0.0083665,           0.0083665,           0.0083665
                 101,            0.022923,            0.014524,          0.00044061,             0.97971,             0.99504,             0.99259,              0.7292,            0.020746,           0.0089935,          0.00043056,             0.00835,             0.00835,             0.00835
                 102,            0.022746,            0.014278,          0.00044329,              0.9802,             0.99504,             0.99124,             0.74293,            0.021132,           0.0090702,          0.00040999,           0.0083335,           0.0083335,           0.0083335
                 103,            0.022253,            0.013837,          0.00048681,             0.98121,             0.99504,             0.99153,             0.73503,            0.021165,           0.0089355,          0.00046097,            0.008317,            0.008317,            0.008317
                 104,            0.022438,            0.013189,          0.00060974,             0.98146,             0.99504,              0.9918,             0.73823,            0.021934,            0.008881,          0.00049323,           0.0083005,           0.0083005,           0.0083005
                 105,            0.022021,            0.014122,          0.00096164,             0.98132,             0.99746,             0.99213,             0.73394,            0.022137,           0.0088152,          0.00046895,            0.008284,            0.008284,            0.008284
                 106,            0.022297,            0.013569,          0.00047842,             0.98191,             0.99739,              0.9918,             0.72622,            0.022367,           0.0089832,          0.00041513,           0.0082675,           0.0082675,           0.0082675
                 107,            0.022438,            0.014116,          0.00053994,             0.97992,             0.99504,             0.99241,             0.74246,            0.021769,           0.0088913,          0.00037229,            0.008251,            0.008251,            0.008251
                 108,            0.021981,            0.013663,          0.00039445,             0.98046,             0.99504,             0.99226,             0.75371,            0.020792,           0.0088816,          0.00035026,           0.0082345,           0.0082345,           0.0082345
                 109,            0.023278,            0.014168,          0.00052613,             0.97859,             0.99504,             0.99207,              0.7435,            0.021911,           0.0089774,          0.00039164,            0.008218,            0.008218,            0.008218
                 110,            0.022759,            0.015028,          0.00053178,             0.98178,             0.99716,             0.98978,             0.73841,            0.021137,           0.0090545,          0.00041372,           0.0082015,           0.0082015,           0.0082015
                 111,            0.022382,            0.013644,          0.00055009,             0.98225,             0.99733,             0.99164,              0.7435,            0.020939,           0.0088903,          0.00041155,            0.008185,            0.008185,            0.008185
                 112,            0.022861,            0.015047,          0.00047517,             0.98163,              0.9925,             0.99223,              0.7469,            0.020772,           0.0088031,          0.00043933,           0.0081685,           0.0081685,           0.0081685
                 113,            0.022604,            0.013694,          0.00047936,             0.98291,             0.99225,             0.98791,             0.73465,            0.020877,           0.0089202,          0.00041776,            0.008152,            0.008152,            0.008152
                 114,            0.022033,            0.014324,          0.00039412,             0.98234,             0.99504,             0.98591,              0.7344,            0.020852,           0.0089437,          0.00039825,           0.0081355,           0.0081355,           0.0081355
                 115,            0.022081,            0.014406,          0.00052879,             0.98482,             0.99704,             0.99088,             0.74482,            0.021572,           0.0087946,          0.00040815,            0.008119,            0.008119,            0.008119
                 116,            0.021551,            0.013825,          0.00053424,             0.98458,              0.9975,             0.99095,              0.7465,            0.021336,           0.0088146,          0.00041267,           0.0081025,           0.0081025,           0.0081025
                 117,            0.022441,             0.01394,          0.00051856,              0.9803,             0.99793,             0.99154,             0.74892,            0.020433,           0.0088375,          0.00042494,            0.008086,            0.008086,            0.008086
                 118,             0.02249,            0.013953,          0.00050166,             0.97558,             0.99504,             0.99192,             0.74314,            0.020678,           0.0088585,           0.0004342,           0.0080695,           0.0080695,           0.0080695
                 119,             0.02189,            0.013828,          0.00042624,             0.97828,             0.99793,             0.99127,               0.745,            0.020306,           0.0088391,          0.00043076,            0.008053,            0.008053,            0.008053
                 120,            0.021881,            0.014207,          0.00049554,              0.9782,             0.99793,             0.99137,              0.7452,            0.020502,           0.0089692,          0.00045902,           0.0080365,           0.0080365,           0.0080365
                 121,            0.022079,            0.013787,          0.00041992,             0.97632,             0.99504,             0.99043,             0.73601,            0.021344,           0.0088739,          0.00047149,             0.00802,             0.00802,             0.00802
                 122,            0.023085,            0.014324,          0.00047005,             0.97779,             0.99793,             0.99136,              0.7455,            0.020716,           0.0087994,           0.0005077,           0.0080035,           0.0080035,           0.0080035
                 123,            0.022592,            0.014211,          0.00047033,             0.97722,             0.99793,             0.99128,             0.74988,            0.020741,            0.008727,           0.0005014,            0.007987,            0.007987,            0.007987
                 124,            0.022342,             0.01348,          0.00040436,             0.97827,             0.99793,             0.99053,             0.74657,            0.020513,           0.0087582,          0.00048715,           0.0079705,           0.0079705,           0.0079705
                 125,            0.022013,            0.014221,          0.00044539,              0.9825,             0.99565,             0.99106,             0.76018,            0.019986,           0.0086908,          0.00044552,            0.007954,            0.007954,            0.007954
                 126,            0.022118,            0.013367,          0.00043498,             0.98193,             0.99706,             0.98922,             0.74855,            0.020528,           0.0088524,          0.00042203,           0.0079375,           0.0079375,           0.0079375
                 127,             0.02202,            0.013953,          0.00054025,             0.98081,             0.99504,             0.99109,               0.742,            0.020822,           0.0090199,          0.00038242,            0.007921,            0.007921,            0.007921
                 128,            0.022084,            0.014691,          0.00065975,             0.97677,             0.99296,             0.99198,             0.73913,            0.021711,           0.0090484,          0.00045946,           0.0079045,           0.0079045,           0.0079045
                 129,            0.021721,            0.014266,          0.00044142,             0.96424,             0.99296,             0.99182,              0.7311,            0.022419,           0.0093713,          0.00058495,            0.007888,            0.007888,            0.007888
                 130,            0.022273,            0.014251,          0.00062914,             0.97899,             0.99763,             0.99128,             0.74612,            0.021381,           0.0090359,          0.00044219,           0.0078715,           0.0078715,           0.0078715
                 131,            0.022794,            0.014955,          0.00042776,             0.97909,             0.99793,             0.99065,             0.74581,            0.020905,           0.0088878,          0.00038794,            0.007855,            0.007855,            0.007855
                 132,              0.0226,            0.014695,          0.00045668,             0.97868,             0.99793,             0.98895,             0.74166,            0.021193,            0.008974,          0.00042277,           0.0078385,           0.0078385,           0.0078385
                 133,            0.022166,             0.01386,          0.00056981,             0.98015,             0.99504,             0.98995,             0.74304,             0.02077,           0.0089069,          0.00046184,            0.007822,            0.007822,            0.007822
                 134,            0.021751,            0.014013,          0.00057598,             0.97764,             0.99793,             0.99067,             0.74599,            0.020645,           0.0089404,          0.00046402,           0.0078055,           0.0078055,           0.0078055
                 135,            0.022248,            0.014557,          0.00044193,             0.97383,             0.99504,             0.99144,             0.75132,            0.020391,           0.0088873,          0.00042049,            0.007789,            0.007789,            0.007789
                 136,            0.021501,            0.014239,          0.00052862,             0.97338,             0.99504,             0.99137,             0.74863,            0.020985,           0.0089071,           0.0004376,           0.0077725,           0.0077725,           0.0077725
                 137,            0.022521,            0.013867,          0.00049702,             0.97536,             0.99504,             0.99195,             0.75248,             0.02049,           0.0087912,          0.00044304,            0.007756,            0.007756,            0.007756
                 138,            0.022093,            0.013087,          0.00050398,             0.97468,             0.99394,             0.99231,             0.74926,            0.020766,           0.0087905,          0.00044634,           0.0077395,           0.0077395,           0.0077395
                 139,              0.0218,             0.01445,          0.00044554,              0.9798,             0.99062,             0.99179,              0.7526,            0.020873,            0.008852,          0.00043286,            0.007723,            0.007723,            0.007723
                 140,            0.022741,            0.014112,           0.0004771,             0.98105,             0.99329,             0.99076,             0.74714,            0.020879,           0.0088252,          0.00040194,           0.0077065,           0.0077065,           0.0077065
                 141,            0.021669,            0.012995,           0.0004466,             0.98145,             0.99336,             0.99055,             0.73609,            0.020901,           0.0090108,          0.00040701,             0.00769,             0.00769,             0.00769
                 142,            0.021389,            0.013259,            0.000438,             0.98091,             0.99504,             0.99118,             0.74037,            0.020808,           0.0089262,           0.0003997,           0.0076735,           0.0076735,           0.0076735
                 143,            0.021343,            0.013019,          0.00047593,             0.98134,             0.99504,             0.99162,             0.74823,            0.020347,           0.0088942,          0.00037853,            0.007657,            0.007657,            0.007657
                 144,            0.020988,            0.013859,          0.00046719,             0.98081,             0.99504,              0.9916,             0.74224,             0.02065,           0.0088776,          0.00038646,           0.0076405,           0.0076405,           0.0076405
                 145,            0.020958,            0.013693,          0.00036474,             0.98115,             0.99504,             0.99047,             0.74293,            0.021424,             0.00897,          0.00040153,            0.007624,            0.007624,            0.007624
                 146,            0.022644,            0.013764,          0.00047931,             0.98095,             0.99504,             0.98936,             0.73927,            0.020984,           0.0089729,          0.00042496,           0.0076075,           0.0076075,           0.0076075
                 147,            0.021541,            0.014381,          0.00040483,             0.98082,             0.99504,             0.99097,              0.7451,            0.020837,           0.0089755,          0.00039438,            0.007591,            0.007591,            0.007591
                 148,            0.020834,            0.013183,          0.00038685,             0.98018,             0.99504,             0.99175,             0.75143,            0.020988,           0.0088557,          0.00038955,           0.0075745,           0.0075745,           0.0075745
                 149,            0.022037,            0.013751,          0.00047142,             0.98057,             0.99504,             0.99228,             0.75371,            0.021003,            0.008822,          0.00040884,            0.007558,            0.007558,            0.007558
                 150,             0.02112,            0.014041,          0.00047686,             0.98079,             0.99504,             0.99217,             0.74764,            0.020718,           0.0088557,           0.0004495,           0.0075415,           0.0075415,           0.0075415
                 151,            0.021905,            0.014723,          0.00045077,             0.98092,             0.99499,             0.99139,             0.74521,            0.021295,           0.0089302,          0.00043662,            0.007525,            0.007525,            0.007525
                 152,            0.021542,            0.013058,          0.00037282,             0.98035,             0.99462,             0.99177,             0.74833,            0.021298,           0.0088176,          0.00042975,           0.0075085,           0.0075085,           0.0075085
                 153,             0.02162,             0.01371,          0.00045695,             0.98027,             0.99464,             0.99225,             0.74988,            0.020472,           0.0088006,          0.00040976,            0.007492,            0.007492,            0.007492
                 154,            0.021323,            0.014402,          0.00045691,             0.98011,             0.99436,             0.99288,             0.73692,            0.021422,           0.0088902,          0.00036775,           0.0074755,           0.0074755,           0.0074755
                 155,            0.021825,            0.013673,          0.00040971,             0.97961,             0.99504,             0.99216,             0.75266,            0.020589,           0.0089298,          0.00034278,            0.007459,            0.007459,            0.007459
                 156,            0.021457,            0.013318,          0.00045523,             0.97629,             0.99504,             0.99189,             0.74783,            0.020541,           0.0090114,          0.00036484,           0.0074425,           0.0074425,           0.0074425
                 157,             0.02233,            0.014502,          0.00041477,             0.97626,             0.99504,             0.99175,             0.75263,            0.020582,           0.0089165,          0.00040189,            0.007426,            0.007426,            0.007426
                 158,            0.021164,            0.013748,          0.00046785,             0.97904,             0.99793,             0.98882,             0.75096,            0.019843,           0.0089095,          0.00039237,           0.0074095,           0.0074095,           0.0074095
                 159,            0.021267,            0.014064,          0.00039655,             0.97944,             0.99504,             0.98942,             0.74872,            0.020791,           0.0089115,          0.00034863,            0.007393,            0.007393,            0.007393
                 160,            0.021503,            0.013215,          0.00041152,             0.98035,             0.99504,             0.99011,             0.74137,            0.020797,           0.0089736,           0.0003436,           0.0073765,           0.0073765,           0.0073765
                 161,            0.021537,            0.013309,          0.00040142,             0.98012,             0.99504,             0.99114,              0.7572,            0.020382,           0.0088583,          0.00034073,             0.00736,             0.00736,             0.00736
                 162,            0.021253,            0.013103,           0.0004128,                0.98,             0.99504,             0.99202,              0.7486,            0.020465,           0.0088995,          0.00032109,           0.0073435,           0.0073435,           0.0073435
                 163,            0.021184,            0.013943,          0.00040026,             0.98045,             0.99504,              0.9905,             0.74875,            0.021144,           0.0088796,          0.00031597,            0.007327,            0.007327,            0.007327
                 164,            0.021428,            0.014215,          0.00039067,             0.98004,             0.99384,             0.98826,             0.73098,             0.02137,           0.0089377,          0.00032495,           0.0073105,           0.0073105,           0.0073105
                 165,            0.021664,            0.014466,          0.00044562,             0.98049,             0.99309,              0.9915,             0.74682,            0.020814,           0.0087986,          0.00033237,            0.007294,            0.007294,            0.007294
                 166,            0.020735,            0.013786,          0.00042128,             0.97628,             0.99341,             0.99171,             0.76048,            0.020353,           0.0087576,          0.00032993,           0.0072775,           0.0072775,           0.0072775
                 167,            0.021113,            0.013666,          0.00044677,             0.97521,             0.99504,             0.99216,             0.76009,            0.020557,           0.0086657,          0.00031764,            0.007261,            0.007261,            0.007261
                 168,            0.022184,            0.013264,          0.00038473,             0.97817,             0.99793,             0.99228,              0.7532,            0.020827,            0.008611,          0.00031668,           0.0072445,           0.0072445,           0.0072445
                 169,            0.021111,            0.014172,          0.00035773,             0.97539,             0.99504,             0.98873,             0.74046,            0.020657,           0.0088778,           0.0003127,            0.007228,            0.007228,            0.007228
                 170,            0.021158,            0.013954,          0.00040784,              0.9801,             0.99216,             0.98961,             0.74474,             0.02075,           0.0088706,          0.00031386,           0.0072115,           0.0072115,           0.0072115
                 171,            0.020673,            0.012964,          0.00037304,             0.97856,             0.99793,             0.99075,             0.75179,            0.020201,           0.0089051,          0.00030858,            0.007195,            0.007195,            0.007195
                 172,            0.021914,            0.013682,           0.0003739,             0.98029,             0.99285,             0.99132,             0.74665,            0.020714,           0.0088583,          0.00030903,           0.0071785,           0.0071785,           0.0071785
                 173,            0.021106,            0.013825,          0.00034755,             0.98013,             0.99504,             0.99146,             0.74928,            0.020659,           0.0088496,           0.0002841,            0.007162,            0.007162,            0.007162
                 174,            0.020868,            0.013485,          0.00039588,             0.98051,             0.99504,              0.9911,             0.75489,            0.020461,           0.0088853,          0.00028089,           0.0071455,           0.0071455,           0.0071455
                 175,            0.021609,            0.014089,          0.00044514,             0.98115,             0.99504,             0.99099,             0.76484,            0.020452,           0.0087803,          0.00029511,            0.007129,            0.007129,            0.007129
                 176,            0.020171,            0.013841,           0.0003436,             0.98042,             0.99504,             0.98935,             0.74503,            0.020796,            0.008916,           0.0002949,           0.0071125,           0.0071125,           0.0071125
                 177,            0.020891,             0.01438,          0.00042055,             0.98086,             0.99504,             0.99003,             0.74235,            0.020723,            0.008901,          0.00029681,            0.007096,            0.007096,            0.007096
                 178,            0.020482,            0.013753,           0.0003573,             0.98135,             0.99504,             0.99051,             0.74137,             0.02104,           0.0089545,          0.00030024,           0.0070795,           0.0070795,           0.0070795
                 179,            0.021282,            0.013652,           0.0003806,              0.9812,             0.99504,             0.99103,             0.74707,            0.020931,           0.0088218,          0.00029825,            0.007063,            0.007063,            0.007063
                 180,            0.020907,            0.014117,          0.00043711,             0.98134,             0.99504,             0.99073,              0.7468,             0.02071,           0.0088321,          0.00029618,           0.0070465,           0.0070465,           0.0070465
                 181,            0.021648,            0.013883,          0.00042555,             0.98037,             0.99504,             0.99036,             0.74209,            0.020825,           0.0088453,          0.00031218,             0.00703,             0.00703,             0.00703
                 182,            0.020691,            0.013176,          0.00040208,             0.98115,             0.99757,             0.98984,             0.74982,            0.020524,           0.0089415,          0.00033667,           0.0070135,           0.0070135,           0.0070135
                 183,             0.02078,            0.013831,          0.00034719,             0.98172,             0.99504,             0.99069,              0.7489,            0.020488,            0.008867,          0.00035808,            0.006997,            0.006997,            0.006997
                 184,            0.020737,            0.012151,          0.00045283,             0.98146,             0.99751,             0.98976,             0.74268,            0.020645,           0.0088577,          0.00035332,           0.0069805,           0.0069805,           0.0069805
                 185,             0.02133,            0.013667,           0.0004197,             0.98139,             0.99756,             0.99016,             0.74373,             0.02079,            0.008971,          0.00033724,            0.006964,            0.006964,            0.006964
                 186,            0.021418,            0.013375,          0.00039664,             0.98007,             0.99504,             0.99025,             0.75065,            0.020719,           0.0089715,            0.000342,           0.0069475,           0.0069475,           0.0069475
                 187,            0.021147,            0.013497,          0.00027433,             0.97807,             0.99793,             0.99187,             0.74724,            0.021194,           0.0089942,          0.00033753,            0.006931,            0.006931,            0.006931
                 188,            0.021207,            0.013167,          0.00037556,             0.97811,             0.99793,             0.99208,              0.7517,            0.020752,           0.0089075,          0.00034999,           0.0069145,           0.0069145,           0.0069145
                 189,            0.020702,            0.013791,          0.00035689,             0.97878,             0.99793,             0.98958,             0.74847,            0.020687,           0.0088597,          0.00037705,            0.006898,            0.006898,            0.006898
                 190,            0.020799,            0.012946,          0.00037785,             0.98193,             0.99747,             0.99052,             0.74748,            0.020878,            0.008827,          0.00038234,           0.0068815,           0.0068815,           0.0068815
                 191,            0.020804,            0.013432,          0.00039617,             0.98046,             0.99504,             0.99105,             0.75005,            0.020594,           0.0088914,          0.00035014,            0.006865,            0.006865,            0.006865
                 192,            0.020966,            0.013299,          0.00035305,             0.98097,             0.99504,             0.99057,             0.75124,            0.020534,           0.0089426,          0.00033763,           0.0068485,           0.0068485,           0.0068485
                 193,            0.020675,            0.013897,          0.00041045,             0.98021,             0.99504,             0.99194,             0.75274,             0.02042,           0.0089458,          0.00036423,            0.006832,            0.006832,            0.006832
                 194,            0.020799,            0.013168,          0.00036734,             0.97672,             0.99793,             0.99289,             0.75859,            0.020306,           0.0088932,          0.00036176,           0.0068155,           0.0068155,           0.0068155
                 195,            0.021028,            0.013738,          0.00041632,             0.97745,             0.99534,             0.99219,             0.74904,            0.020182,            0.008843,           0.0003546,            0.006799,            0.006799,            0.006799
                 196,            0.021154,            0.013904,          0.00045893,              0.9803,             0.98878,              0.9915,             0.75011,            0.020331,           0.0088881,          0.00038499,           0.0067825,           0.0067825,           0.0067825
                 197,             0.02022,             0.01391,          0.00039177,              0.9804,             0.99111,             0.99154,             0.75696,            0.020509,           0.0088764,          0.00042701,            0.006766,            0.006766,            0.006766
                 198,            0.020839,            0.013041,          0.00035024,             0.97893,             0.99793,             0.99155,             0.75863,            0.020415,           0.0088236,           0.0003904,           0.0067495,           0.0067495,           0.0067495
                 199,            0.020795,            0.013132,          0.00039424,             0.97873,             0.99793,             0.99194,             0.75393,            0.020738,           0.0089585,           0.0003506,            0.006733,            0.006733,            0.006733
                 200,            0.021329,            0.013052,          0.00048143,             0.97896,             0.99793,             0.99251,             0.74706,            0.021178,            0.009017,          0.00034634,           0.0067165,           0.0067165,           0.0067165
                 201,            0.020367,            0.013246,          0.00030949,             0.97758,             0.99793,             0.99218,             0.74963,            0.020967,           0.0088052,          0.00035446,              0.0067,              0.0067,              0.0067
                 202,            0.021361,            0.013161,          0.00037191,             0.97615,             0.99504,             0.99116,             0.73755,            0.021232,           0.0089617,          0.00035269,           0.0066835,           0.0066835,           0.0066835
                 203,            0.021142,            0.013422,          0.00029724,             0.97582,             0.99504,             0.99226,              0.7526,            0.020572,           0.0088502,          0.00034417,            0.006667,            0.006667,            0.006667
                 204,             0.02121,            0.013092,          0.00035146,             0.97519,             0.99504,             0.99261,             0.75746,            0.020622,           0.0087887,          0.00032269,           0.0066505,           0.0066505,           0.0066505
                 205,            0.021074,            0.013463,          0.00029912,             0.97763,             0.99793,             0.99217,             0.75106,            0.020532,           0.0088023,          0.00031793,            0.006634,            0.006634,            0.006634
                 206,            0.020822,            0.014021,          0.00039565,             0.97981,             0.99223,             0.99226,             0.74926,            0.020609,           0.0087898,          0.00032309,           0.0066175,           0.0066175,           0.0066175
                 207,            0.020635,            0.013762,          0.00036451,             0.98248,              0.9942,             0.99149,             0.75086,            0.020261,           0.0088555,          0.00032569,            0.006601,            0.006601,            0.006601
                 208,            0.020054,            0.012758,          0.00036542,             0.98022,             0.99504,             0.99214,             0.75875,            0.020393,           0.0088544,          0.00034692,           0.0065845,           0.0065845,           0.0065845
                 209,             0.02072,            0.013512,          0.00032914,             0.98082,             0.99504,             0.99201,             0.76005,             0.02063,           0.0088805,          0.00036908,            0.006568,            0.006568,            0.006568
                 210,            0.020896,            0.012709,          0.00029587,             0.98151,             0.99622,             0.99184,             0.75935,            0.020561,           0.0088805,          0.00036407,           0.0065515,           0.0065515,           0.0065515
                 211,            0.020299,            0.013287,          0.00036526,             0.98076,             0.99504,             0.99103,             0.75532,            0.020632,           0.0089321,          0.00038232,            0.006535,            0.006535,            0.006535
                 212,            0.021195,            0.012423,          0.00035621,             0.98126,             0.99504,             0.99035,             0.74264,            0.020619,           0.0089873,          0.00041226,           0.0065185,           0.0065185,           0.0065185
                 213,            0.020582,            0.013886,          0.00035287,              0.9816,              0.9945,             0.99073,             0.75047,            0.020466,           0.0090085,          0.00040481,            0.006502,            0.006502,            0.006502
                 214,            0.020218,            0.013043,          0.00036223,             0.97886,             0.99793,             0.99078,              0.7405,             0.02078,           0.0089948,          0.00036534,           0.0064855,           0.0064855,           0.0064855
                 215,            0.020336,            0.014361,          0.00034436,             0.97864,             0.99793,             0.99074,             0.74882,            0.020444,           0.0088973,          0.00036339,            0.006469,            0.006469,            0.006469
                 216,            0.020308,            0.013352,           0.0002855,             0.97893,             0.99793,             0.99018,             0.75674,            0.020303,           0.0087789,          0.00036688,           0.0064525,           0.0064525,           0.0064525
                 217,            0.020316,             0.01395,          0.00033337,             0.97885,             0.99793,             0.98984,             0.75875,            0.020509,            0.008798,          0.00036536,            0.006436,            0.006436,            0.006436
                 218,            0.019989,             0.01289,          0.00032612,             0.98238,             0.99766,             0.99168,             0.74831,            0.020736,           0.0089664,          0.00036424,           0.0064195,           0.0064195,           0.0064195
                 219,            0.020708,            0.013109,          0.00032009,             0.97889,             0.99793,             0.99164,             0.75902,            0.020478,           0.0089332,          0.00036081,            0.006403,            0.006403,            0.006403
                 220,            0.020205,            0.013378,          0.00032956,             0.98029,             0.99286,             0.99141,             0.75896,            0.020778,           0.0089175,          0.00035098,           0.0063865,           0.0063865,           0.0063865
                 221,            0.021174,            0.014078,          0.00035338,             0.98031,             0.99504,             0.99118,             0.76434,            0.020077,           0.0087521,          0.00033352,             0.00637,             0.00637,             0.00637
                 222,            0.020769,            0.014249,          0.00032845,              0.9809,             0.99293,             0.99016,             0.74647,            0.020587,            0.008822,          0.00031488,           0.0063535,           0.0063535,           0.0063535
                 223,            0.020635,            0.013224,          0.00037582,             0.97875,             0.99793,             0.99104,             0.74642,            0.020522,           0.0089924,          0.00032151,            0.006337,            0.006337,            0.006337
                 224,            0.019784,            0.013302,           0.0003331,             0.97883,             0.99793,             0.99062,              0.7482,            0.020253,           0.0089455,          0.00031756,           0.0063205,           0.0063205,           0.0063205
                 225,            0.020382,            0.013276,          0.00036565,             0.98228,             0.99692,             0.99099,             0.75217,            0.020125,           0.0089488,          0.00031235,            0.006304,            0.006304,            0.006304
                 226,            0.020689,            0.013903,          0.00043879,             0.97937,             0.99793,             0.99062,             0.75135,            0.020019,           0.0088727,          0.00032097,           0.0062875,           0.0062875,           0.0062875
                 227,            0.020497,            0.014273,          0.00033206,             0.98072,             0.99504,             0.99134,             0.75639,            0.020178,           0.0088008,          0.00034031,            0.006271,            0.006271,            0.006271
                 228,            0.020941,            0.013125,          0.00037224,              0.9808,             0.99204,             0.99179,             0.75679,            0.019959,           0.0087824,          0.00036898,           0.0062545,           0.0062545,           0.0062545
                 229,            0.019999,            0.013343,          0.00030106,             0.98056,             0.99504,             0.99118,             0.74801,            0.020548,           0.0088954,          0.00040449,            0.006238,            0.006238,            0.006238
                 230,            0.020429,            0.012792,          0.00036112,             0.98045,             0.99504,             0.99097,             0.75416,            0.020469,           0.0089525,          0.00040545,           0.0062215,           0.0062215,           0.0062215
                 231,             0.02056,             0.01324,          0.00029825,             0.98069,             0.99504,             0.99098,             0.75706,            0.020351,           0.0088176,          0.00040316,            0.006205,            0.006205,            0.006205
                 232,            0.019572,            0.013999,          0.00032823,             0.98083,             0.99504,             0.99187,             0.75208,            0.020464,           0.0088051,          0.00040658,           0.0061885,           0.0061885,           0.0061885
                 233,            0.021468,            0.013397,            0.000375,             0.98122,             0.99504,             0.99157,             0.75026,            0.020765,           0.0088763,          0.00041006,            0.006172,            0.006172,            0.006172
                 234,            0.020796,            0.013677,          0.00028633,             0.98083,             0.99504,             0.99144,             0.75825,            0.020693,           0.0087578,          0.00039435,           0.0061555,           0.0061555,           0.0061555
                 235,            0.020632,            0.013708,          0.00029823,              0.9823,             0.99724,             0.99173,             0.76317,             0.02046,           0.0088099,          0.00036369,            0.006139,            0.006139,            0.006139
                 236,            0.020688,            0.013528,          0.00034393,             0.97871,             0.99793,             0.99281,             0.75681,            0.020505,           0.0088805,          0.00034795,           0.0061225,           0.0061225,           0.0061225
                 237,            0.020847,            0.013501,          0.00029724,             0.98251,             0.99679,             0.99217,             0.75659,            0.020413,           0.0090062,          0.00030252,            0.006106,            0.006106,            0.006106
                 238,            0.020254,            0.012412,           0.0003788,             0.97818,             0.99793,             0.99239,             0.75786,            0.020696,             0.00895,          0.00032309,           0.0060895,           0.0060895,           0.0060895
                 239,            0.020281,            0.013835,          0.00027808,             0.98251,             0.99666,             0.99254,             0.75908,            0.020733,           0.0089167,          0.00033309,            0.006073,            0.006073,            0.006073
                 240,            0.019533,            0.012688,          0.00032315,             0.97869,             0.99793,             0.99221,             0.74513,            0.021201,           0.0089753,          0.00035175,           0.0060565,           0.0060565,           0.0060565
                 241,            0.019444,              0.0137,          0.00036496,             0.97826,             0.99793,             0.99066,             0.74263,            0.020837,           0.0088862,          0.00037089,             0.00604,             0.00604,             0.00604
                 242,            0.019864,            0.013032,          0.00028541,             0.98054,             0.99504,             0.99086,             0.75182,            0.020749,           0.0088622,          0.00036659,           0.0060235,           0.0060235,           0.0060235
                 243,            0.020022,            0.013596,          0.00033217,             0.98182,             0.99735,             0.99098,             0.75202,            0.020574,           0.0089892,          0.00039915,            0.006007,            0.006007,            0.006007
                 244,            0.019765,             0.01355,          0.00031626,              0.9815,             0.99504,             0.99015,             0.75102,            0.020505,           0.0088246,          0.00041214,           0.0059905,           0.0059905,           0.0059905
                 245,            0.019539,            0.012883,           0.0002845,             0.98098,             0.99504,             0.99179,             0.75328,            0.020277,           0.0088222,          0.00040846,            0.005974,            0.005974,            0.005974
                 246,              0.0203,            0.014078,          0.00024947,             0.98033,             0.99504,             0.99214,              0.7507,            0.020815,           0.0089082,          0.00040382,           0.0059575,           0.0059575,           0.0059575
                 247,             0.02033,            0.013779,          0.00033744,             0.98118,             0.99504,             0.99163,             0.74473,             0.02107,            0.008946,          0.00042025,            0.005941,            0.005941,            0.005941
                 248,            0.020502,            0.013616,          0.00040986,             0.98107,             0.99504,             0.99133,             0.75232,            0.020576,           0.0088883,           0.0004167,           0.0059245,           0.0059245,           0.0059245
                 249,            0.020091,            0.013293,          0.00031711,             0.98046,             0.99504,             0.99118,             0.74973,             0.02085,           0.0089192,          0.00039601,            0.005908,            0.005908,            0.005908
                 250,             0.02005,            0.013791,          0.00037241,             0.97976,             0.99504,             0.99164,             0.75269,            0.020819,           0.0088643,          0.00036431,           0.0058915,           0.0058915,           0.0058915
                 251,            0.019509,            0.013155,           0.0003392,             0.98011,             0.99504,             0.99217,              0.7518,            0.020741,           0.0088149,          0.00032792,            0.005875,            0.005875,            0.005875
                 252,            0.019942,            0.013865,          0.00031792,             0.98051,             0.99504,             0.99196,              0.7506,            0.020762,           0.0088699,          0.00032719,           0.0058585,           0.0058585,           0.0058585
                 253,            0.019606,             0.01343,          0.00029577,             0.98054,             0.99504,             0.99158,             0.75714,            0.020532,           0.0088475,           0.0003205,            0.005842,            0.005842,            0.005842
                 254,            0.019707,            0.013171,          0.00033543,              0.9797,             0.99504,             0.99165,             0.75773,            0.020283,           0.0088332,          0.00030286,           0.0058255,           0.0058255,           0.0058255
                 255,            0.020267,            0.013187,          0.00027081,             0.98195,             0.99742,              0.9909,             0.75748,            0.019869,           0.0087902,          0.00028164,            0.005809,            0.005809,            0.005809
                 256,            0.020111,            0.013252,           0.0002917,             0.98206,             0.99716,             0.99107,             0.75735,            0.020048,           0.0088208,           0.0002802,           0.0057925,           0.0057925,           0.0057925
                 257,            0.020029,            0.012351,          0.00027871,             0.98023,             0.99504,             0.99076,             0.74941,            0.020627,           0.0088555,          0.00030111,            0.005776,            0.005776,            0.005776
                 258,            0.020022,            0.012312,          0.00033059,             0.98013,             0.99504,             0.99116,             0.74986,            0.020853,           0.0088577,          0.00031368,           0.0057595,           0.0057595,           0.0057595
                 259,            0.020778,             0.01339,          0.00034769,             0.98079,             0.99504,               0.991,             0.75377,            0.020609,           0.0088557,          0.00032815,            0.005743,            0.005743,            0.005743
                 260,            0.019729,            0.012939,          0.00031157,             0.98139,             0.99504,             0.99104,             0.75354,            0.020454,           0.0087653,           0.0003446,           0.0057265,           0.0057265,           0.0057265
                 261,            0.019966,            0.013651,          0.00035341,             0.98172,             0.99504,             0.99205,             0.76036,            0.020355,           0.0087941,          0.00035758,             0.00571,             0.00571,             0.00571
                 262,            0.020047,            0.013674,          0.00029886,             0.98181,             0.99504,             0.99199,             0.75989,             0.02035,           0.0087609,          0.00035199,           0.0056935,           0.0056935,           0.0056935
                 263,            0.019869,            0.013888,          0.00030894,             0.98122,             0.99753,             0.99178,             0.75976,            0.020596,           0.0087395,          0.00035462,            0.005677,            0.005677,            0.005677
                 264,            0.020192,            0.013864,          0.00033976,             0.98157,             0.99504,              0.9911,             0.75624,            0.020182,           0.0088147,          0.00037662,           0.0056605,           0.0056605,           0.0056605
                 265,            0.019849,            0.012291,          0.00029974,             0.98198,             0.99722,             0.99127,             0.75682,            0.020391,           0.0088286,          0.00038257,            0.005644,            0.005644,            0.005644
                 266,            0.020685,            0.014236,          0.00041647,             0.98033,             0.99504,             0.99146,              0.7575,            0.020536,           0.0088383,          0.00037072,           0.0056275,           0.0056275,           0.0056275
                 267,            0.019704,            0.013146,          0.00029393,             0.98051,             0.99504,             0.99148,             0.75451,            0.020748,            0.008922,          0.00035251,            0.005611,            0.005611,            0.005611
                 268,            0.020183,            0.013261,           0.0003525,             0.98027,             0.99504,              0.9917,             0.75661,             0.02069,           0.0088156,          0.00031814,           0.0055945,           0.0055945,           0.0055945
                 269,            0.019692,            0.013384,          0.00029007,               0.981,             0.99504,             0.99224,             0.74809,            0.020543,           0.0087787,          0.00030339,            0.005578,            0.005578,            0.005578
                 270,            0.020142,             0.01371,           0.0003537,             0.98125,             0.99504,             0.99173,              0.7529,            0.020404,           0.0087245,          0.00030831,           0.0055615,           0.0055615,           0.0055615
                 271,            0.020364,            0.013617,           0.0003205,             0.98115,             0.99504,             0.99121,             0.75111,            0.020684,           0.0087772,          0.00031024,            0.005545,            0.005545,            0.005545
                 272,            0.019666,            0.013342,          0.00028398,             0.98058,             0.99504,             0.99008,             0.74286,              0.0206,           0.0087937,          0.00029874,           0.0055285,           0.0055285,           0.0055285
                 273,            0.020399,            0.013592,          0.00029178,             0.98098,             0.99504,             0.99047,             0.75131,            0.020114,           0.0088112,          0.00028742,            0.005512,            0.005512,            0.005512
                 274,            0.019303,            0.013468,          0.00027394,             0.98145,             0.99504,             0.99192,              0.7547,            0.020221,           0.0088191,          0.00028018,           0.0054955,           0.0054955,           0.0054955
                 275,            0.019949,             0.01309,          0.00028249,             0.98121,             0.99504,              0.9916,             0.75201,            0.020242,           0.0088784,          0.00026134,            0.005479,            0.005479,            0.005479
